first_name,last_name,organization,role_title,sector,persona_type,linkedin_url,company_website,email_if_public,why_relevant,recent_activity,strategic_problem,persona_bridge,problem_frame,ice_breaker,priority_tier,priority_score
Emil,Michael,Department of Defense,Undersecretary of Defense for R&E / CTO / Acting Director DIU,Defense Innovation,Defense/National Security,,https://www.diu.mil,,Pentagon's chief technology strategist overseeing Defense Innovation Unit and coordinating quantum-AI integration across defense technology development.,"Confirmed as Pentagon CTO May 2025; became acting DIU director Aug 2025; identified AI and Quantum as ""North Stars"" among 14 Critical Technology Areas; flattening DoD tech org structure","Synchronizing quantum and AI as enterprise-wide ""North Star"" technology priorities across 14 CTAs while accelerating commercial tech transition through DIU",Multi-stakeholder quantum-AI governance framework,Orchestrate DoD's quantum-AI North Stars with unified coordination framework that accelerates commercial tech transition while meeting national security requirements,Your North Star strategy aligns quantum+AI across DoD—InfraFabric provides the unified orchestration framework that accelerates both while meeting your security requirements,A,97
Amin,Vahdat,Google Cloud,VP & GM ML Systems and Cloud AI,AI Infrastructure,AI Infrastructure Company,https://linkedin.com/in/vahdat,https://cloud.google.com,,Leads Google Cloud's AI infrastructure including TPUs and AI Hypercomputer systems critical for quantum-AI convergence workloads.,"Launched Ironwood TPU (7th gen) April 2025: 42.5 exaflops at 9,216 chips—24x faster than El Capitan; emphasized networking as #1 bottleneck at Optica March 2025; predicted 2025 as ""Year of Inference""","Networking bottleneck constraining AI scaling: demand growing 10x/year but interconnects lag behind, limiting inference workload distribution at hyperscale",Quantum-safe AI infrastructure orchestration,Solve the networking bottleneck for agentic AI inference workloads by orchestrating quantum-enhanced communication channels within classical TPU fabrics,Your networking bottleneck thesis is quantum's opening—InfraFabric coordinates distributed inference across quantum-enhanced channels that scale with your 10x demand,A,96
Jeremy,O'Brien,PsiQuantum,CEO & Co-founder,Quantum Computing,Quantum Networking/Cryptography Vendor,https://www.linkedin.com/in/jeremy-o-brien-39482631/,https://www.psiquantum.com,,Leading photonic quantum computing with distributed architecture requiring coordination infrastructure for quantum networking and AI integration.,"Announced Omega photonic chipset Feb 2025 (Nature paper, all components for million-qubit systems); breaking ground Brisbane and Chicago quantum compute centers 2025; Australian and Illinois government partnerships",Building first utility-scale million-qubit photonic quantum computers in manufacturing-ready silicon photonics while coordinating distributed architecture at unprecedented scale,Distributed quantum network management,Coordinate PsiQuantum's distributed photonic architecture across million-qubit systems using quantum networking that leverages your silicon photonics infrastructure,Your photonic architecture is inherently networked—InfraFabric orchestrates your million-qubit systems with quantum networking native to your silicon photonics platform,A,95
Mark,Papermaster,AMD,EVP & Chief Technology Officer,AI Infrastructure,AI Infrastructure Company,https://linkedin.com/in/mark-papermaster-66914925,https://www.amd.com,mark.papermaster@amd.com,Drives AMD's AI strategy across hardware and software portfolio with focus on open rack-scale AI infrastructure for quantum-ready systems.,Keynoting ISC 2025 on HPC-AI convergence; launched OCP 2025 open rack-scale AI platform with MI355X GPUs; achieved 38X energy efficiency (exceeded 30X goal); taped out 2nm Venice chips,Open rack-scale standards for AI infrastructure that enable hyperscaler adoption while competing with NVIDIA's closed ecosystem at massive scale,Hybrid quantum-classical coordination layer,Build open AI infrastructure today that gracefully incorporates quantum accelerators tomorrow through standards-based rack-scale orchestration,Your OCP rack-scale vision needs quantum extensibility—InfraFabric brings the same open standards philosophy to quantum-classical hybrid coordination,A,94
Swami,Sivasubramanian,AWS,VP of Agentic AI,AI Infrastructure,AI Infrastructure Company,https://linkedin.com/in/swaminathansivasubramanian,https://aws.amazon.com,,Manages AWS's AI and data services including infrastructure for foundation models that require quantum-enhanced coordination systems.,"Appointed VP of Agentic AI March 2025; AWS Summit NYC keynote on AgentCore (1M+ SDK downloads); re:Invent 2024 launched multi-agent collaboration (40% better completion); saved 4,500 developer-years with Amazon Q",Scaling production-ready agentic AI systems that reliably orchestrate multi-agent collaboration across distributed enterprise infrastructure at AWS global scale,Multi-stakeholder quantum-AI governance framework,Orchestrate multi-agent AI systems with quantum-secured communication channels and hybrid quantum-classical task routing for enterprise-grade reliability,Your agentic AI architecture needs quantum coordination—InfraFabric orchestrates multi-agent collaboration with quantum-secure channels and hybrid task routing at AWS scale,A,93
Michael,Kagan,NVIDIA,Chief Technology Officer,AI Infrastructure,AI Infrastructure Company,https://linkedin.com/in/mikagan,https://www.nvidia.com,,Oversees NVIDIA's technology strategy for AI systems and networking infrastructure that powers large-scale AI clusters requiring quantum-AI coordination.,"Keynoted Sequoia's 2025 Europe100 on scaling to million-GPU data centers; spoke at G-Research symposium on future of chips July 2025; discussed AI's ""iPhone moment"" and building AI factories",Scaling network architecture beyond Moore's Law to support million-GPU clusters while managing inference-to-training workload shifts and data center efficiency,Quantum-safe AI infrastructure orchestration,How to architect petascale AI clusters that anticipate quantum networking fabric without rearchitecting everything twice,Your million-GPU vision needs quantum-ready networking fabric—InfraFabric ensures you build AI factories that scale beyond classical limits today,A,92
Mustafa,Suleyman,Microsoft,EVP & CEO of Microsoft AI,Enterprise AI Platform,Fortune-500/Enterprise AI Leader,https://www.linkedin.com/in/mustafa-suleyman,https://www.microsoft.com,,DeepMind co-founder leading Microsoft's consumer AI products including Copilot where quantum-AI coordination infrastructure enables next-generation capabilities.,Appointed Microsoft AI CEO March 2024; hired 24+ DeepMind researchers; launched Copilot personalization and memory; building AI health division with former DeepMind colleagues,Differentiating Microsoft Copilot through AI personality while preparing for quantum computing integration with Azure Quantum services,Hybrid quantum-classical coordination layer,Coordinate Microsoft Copilot with Azure Quantum services enabling quantum-enhanced reasoning that differentiates from purely classical AI assistants,Your Copilot personalization needs quantum reasoning—InfraFabric coordinates Copilot with Azure Quantum for differentiated quantum-enhanced AI interactions,A,92
Doreen,Bogdan-Martin,International Telecommunication Union (ITU),Secretary-General,Standards Development,Standards Body,https://ch.linkedin.com/in/doreentbogdan,https://www.itu.int,,First woman ITU Secretary-General leading international standards for AI quantum and telecommunications requiring coordination infrastructure for technology convergence.,ITU Secretary-General since Jan 2023; 2025 International Year of Quantum Science & Technology; AI for Good Summit July 2025; 2025 Int'l AI Standards Summit Dec 2025; U.S. supports re-election; SIA 2025 Leadership Award,"Coordinating international standards for AI, quantum, and telecommunications across 193 ITU member nations during 2025 International Year of Quantum",Multi-stakeholder quantum-AI governance framework,Coordinate ITU's AI and quantum standards development with unified framework ensuring interoperability across 193 member nations,Your 193-nation mandate spans AI and quantum separately—InfraFabric coordinates both with unified standards ensuring global interoperability,B,92
Mark,Russinovich,Microsoft,CTO of Microsoft Azure,AI Infrastructure,AI Infrastructure Company,https://linkedin.com/in/markrussinovich,https://azure.microsoft.com,,Oversees Azure's cloud platform architecture that will integrate AI and quantum computing services for enterprise customers.,"Microsoft Ignite 2024 keynote on confidential computing and cloud-native innovation; June 2025 spoke on reasoning models and edge SLMs; cautioned against ""vibe coding"" hype; discussed quantum computing in cloud at Stanford HAI",Securing AI infrastructure against quantum threats while enabling hybrid quantum-classical cloud services for enterprise customers at Azure scale,Post-quantum cryptography integration,Protect Azure's AI services from quantum threats while enabling customers to orchestrate hybrid quantum-classical workloads in a single control plane,Azure's quantum services need enterprise-grade orchestration—InfraFabric provides the PQC-secured control plane that unifies your classical AI and quantum offerings,A,91
Manuela,Veloso,JPMorgan Chase,Head of AI Research,Financial Services AI,Fortune-500/Enterprise AI Leader,https://www.linkedin.com/in/manuela-veloso,https://www.jpmorgan.com,,Leading AI research at one of the world's largest banks with 2000+ AI/ML experts who need coordinated infrastructure for quantum-AI convergence in financial modeling.,80-person AI research team; ICLR 2025 paper on decision boundaries; JPMC-MIT CSAIL 10-year research partnership launched 2025; R&D100 Award for MAQ quantum ML,"Advancing AI in finance across fraud detection, data sharing, market systems, and process automation while preparing for quantum computing's impact on optimization and cryptography",Hybrid quantum-classical coordination layer,Coordinate JPMorgan's 2000+ AI/ML experts with quantum-enhanced financial modeling that optimizes portfolios and detects fraud faster than classical systems,Your 2000-person AI team needs quantum augmentation—InfraFabric coordinates hybrid quantum-classical workflows for portfolio optimization that scales with your models,A,91
Shaun,Maguire,Sequoia Capital,Partner,Deep Tech VC,VC/Infrastructure Investor,https://www.linkedin.com/in/shaun-maguire-c/,https://www.sequoiacap.com,,PhD in quantum physics from Caltech and invested in IonQ and Quantum Circuits advancing quantum-AI convergence.,"Quantum physics PhD Caltech; led IonQ Series A at GV before Sequoia; invests in quantum computing platforms; manages Sequoia investments in SpaceX, xAI",Investing in quantum computing (IonQ from GV days) while managing Sequoia's positions in cutting-edge AI and space companies,Hybrid quantum-classical coordination layer,Coordinate your quantum computing investments with AI companies (xAI) via hybrid orchestration enabling quantum-enhanced training and inference,Your quantum physics PhD sees convergence—InfraFabric coordinates your IonQ and xAI investments with hybrid quantum-AI orchestration spanning both domains,B,91
Jonathan,Ross,Groq,CEO & Founder,AI Infrastructure,AI Infrastructure Company,https://linkedin.com/in/ross-jonathan,https://groq.com,,Created LPU inference architecture requiring ultra-low latency coordination that quantum-AI convergence infrastructure could optimize.,$1.5B Saudi Arabia agreement Feb 2025 (built cluster in 8 days); raised $750M Sept 2025 at $6.9B valuation; targeting 50% of global AI inference by end of 2027; deploying 1.7M LPU processors,Capturing 50% of global inference market by 2027 requires revolutionary low-latency coordination across 1.7M+ LPUs without external memory bottlenecks,Distributed quantum network management,Eliminate inference latency bottlenecks by coordinating LPU clusters via quantum entanglement channels that bypass classical memory hierarchy limits,Your LPU on-chip memory eliminates one bottleneck—InfraFabric eliminates the next by coordinating distributed LPUs via quantum channels faster than classical interconnects,A,90
Travis,Humble,Oak Ridge National Laboratory,Director of Quantum Science Center,Defense R&D,Defense/National Security,https://www.linkedin.com/in/travishumble/,https://quantum.ornl.gov,,Leads DOE's Quantum Science Center; pioneering integration of quantum computing with HPC and AI at national lab scale.,IQM Radiance 20-qubit integration Aug 2025; Quantum Brilliance hybrid HPC Sept 2025; Riverlane QEC deployment Sept 2025; R&D100 Award for MAQ (ML on quantum); pioneering quantum-HPC-AI integration,Integrating quantum computing with leadership-class HPC systems to create next-generation hybrid quantum-classical supercomputers for national security and science,Hybrid quantum-classical coordination layer,Coordinate Oak Ridge's quantum computers with Frontier exascale system via unified orchestration that treats quantum accelerators as first-class HPC resources,Your quantum-HPC integration pioneered hybrid supercomputing—InfraFabric extends that with orchestration that treats quantum as native HPC accelerators,A,90
Sachin,Katti,Intel,CTO & Head of AI,AI Infrastructure,AI Infrastructure Company,https://linkedin.com/in/sachin-katti-72777943,https://www.intel.com,,Leads Intel's overall AI strategy and product roadmap including AI systems that will interface with quantum computing infrastructure.,Appointed Intel CTO & AI Chief April 2025 under CEO Lip-Bu Tan; tasked with coherent AI strategy after Gaudi struggles and Falcon Shores cancellation; leading Intel Labs and startup ecosystem relationships,Defining coherent AI accelerator strategy to compete with NVIDIA/AMD dominance after missing Gaudi targets and lacking software ease-of-use at scale,Hybrid quantum-classical coordination layer,Differentiate Intel's AI portfolio by pioneering quantum-classical hybrid systems that leverage photonics and networking IP competitors lack,Your quantum+AI mandate gives Intel fresh differentiation—InfraFabric coordinates hybrid workloads leveraging Intel's photonics and networking strengths NVIDIA can't match,A,89
Gil,Herrera,National Security Agency,Director of Research,Defense R&D,Defense/National Security,,https://www.nsa.gov,,NSA's lead on quantum computing research since the 1990s; advises on quantum threats to cryptographic systems and coordinates national quantum security initiatives.,"Keynoted 2025 Defense R&D Summit Jan 2025 on quantum computing threats; highlighted Google's break-even logical qubit 2024; warned ""black swan"" quantum breakthrough could ""wreck world economy""; leading NSA post-quantum cryptography transition","Preventing catastrophic ""black swan"" quantum breakthrough from breaking encryption protecting financial systems, nuclear command-and-control, and government networks",Post-quantum cryptography integration,Orchestrate national post-quantum cryptography transition while monitoring quantum computing advances to ensure encryption stays ahead of adversary capabilities,Your black swan scenario demands proactive architecture—InfraFabric coordinates PQC transition and quantum monitoring to ensure defenses stay ahead of threats,B,89
Daniel,Marcu,Goldman Sachs,Partner & Global Head of AI Engineering and Science,Financial Services AI,Fortune-500/Enterprise AI Leader,https://www.linkedin.com/in/daniel-marcu,https://www.goldmansachs.com,,Appointed in 2025 to lead Goldman's AI engineering strategy where quantum-AI coordination could transform risk modeling and algorithmic trading at scale.,Appointed Global Head of AI Engineering & Science 2025; leading Goldman's AI engineering transformation; driving AI strategy across risk modeling and algorithmic trading,Scaling AI engineering across Goldman Sachs' trading and risk platforms while preparing for quantum computing's impact on optimization and security,Hybrid quantum-classical coordination layer,Coordinate Goldman's AI engineering with quantum-enhanced optimization for algorithmic trading and risk modeling that outperforms classical-only approaches,Your 2025 AI mandate needs quantum edge—InfraFabric coordinates hybrid quantum-classical optimization for trading algorithms that outperform classical limits,A,89
Matt,Ocko,DCVC,Co-Founder & Managing Partner,Deep Tech VC,VC/Infrastructure Investor,https://www.linkedin.com/in/mattocko/,https://www.dcvc.com,,Invests across quantum systems from quantum sensing to quantum computers and AI infrastructure for national resilience.,"DCVC invests across quantum sensing, quantum computing, and AI infrastructure; focus on national resilience and deep tech commercialization",Building quantum computing and AI portfolio that strengthens national resilience while commercializing deep tech for defense and enterprise,Multi-stakeholder quantum-AI governance framework,Coordinate your quantum and AI portfolio companies with unified integration framework accelerating commercialization and national resilience deployment,Your quantum+AI portfolio needs integration—InfraFabric coordinates your investments with unified framework accelerating deep tech commercialization and deployment,B,89
Bill,Dally,NVIDIA,Chief Scientist & SVP of Research,AI Infrastructure,AI Infrastructure Company,https://linkedin.com/in/billdally,https://www.nvidia.com,,Leads NVIDIA's research efforts in AI architecture and compute systems that will need to integrate with future quantum computing paradigms.,Hot Chips 2024 keynote on energy-efficient AI (100 TOPS/watt test chip); published on sparsity and optical interconnects; received 2025 Queen Elizabeth Prize and Benjamin Franklin Medal,Energy efficiency and interconnect bandwidth for next-generation AI: achieving 100+ TOPS/watt while enabling high-speed GPU-to-GPU communication at scale,Hybrid quantum-classical coordination layer,Bridge classical AI acceleration and quantum computing through shared interconnect architectures that maximize performance per watt,Your optical interconnect research opens quantum channels—InfraFabric coordinates photonic and electronic fabrics for the hybrid systems you're designing,A,88
Niccolo,de Masi,IonQ,President & CEO,Quantum Computing,Quantum Networking/Cryptography Vendor,https://www.linkedin.com/in/niccolo-de-masi-25929914/,https://ionq.com,,Leads company expanding into quantum networking through acquisitions requiring integrated coordination between quantum systems and AI workflows.,"Appointed CEO Feb 2025, promoted to Chairman Aug 2025; acquired Qubitekk, IDQ, Lightsynq, Capella Space (space QKD), and proposed $1.075B Oxford Ionics; created ""most advanced quantum computing+networking roadmap""",Executing aggressive acquisition strategy (6 companies) to build integrated quantum computing and networking powerhouse while competing with pure-play quantum computer vendors,Hybrid quantum-classical coordination layer,Coordinate IonQ's multi-vendor quantum ecosystem (computing + networking + sensing + space QKD) with AI workflows in enterprise-deployable control plane,"Your acquisition spree created the quantum portfolio—InfraFabric creates the orchestration layer that makes your computing, networking, and sensing assets work together",A,88
Lan,Guan,Accenture,Chief AI Officer,Professional Services AI,Fortune-500/Enterprise AI Leader,https://www.linkedin.com/in/lan-guan,https://www.accenture.com,,Leading $3B AI initiative across 800K employees and 9K+ clients who need coordination infrastructure for scaling quantum-AI solutions across enterprises.,"Leading Accenture's $3B AI initiative; coordinating AI transformation across 800K employees; deploying AI solutions for 9,000+ clients globally","Scaling AI transformation across 9,000+ clients while preparing consulting offerings for quantum-AI convergence that differentiates from competitors",Multi-stakeholder quantum-AI governance framework,"Coordinate Accenture's 9,000+ client AI deployments with quantum-ready architecture enabling future quantum-AI upgrade without client rearchitecture","Your 9,000-client scale needs quantum readiness—InfraFabric coordinates deployments with quantum-ready architecture enabling seamless future quantum augmentation",A,88
Pat,Gelsinger,Playground Global,General Partner,Deep Tech VC,VC/Infrastructure Investor,https://www.linkedin.com/in/patgelsinger/,https://www.playground.vc,,Former Intel CEO focused on quantum computing (PsiQuantum) and next-generation chip design for AI era.,Former Intel CEO now Playground GP; PsiQuantum investor; focused on quantum computing and next-gen chip design for AI era,Investing in quantum computing (PsiQuantum) and next-gen chips while leveraging decades of semiconductor and compute architecture experience,Hybrid quantum-classical coordination layer,Coordinate your PsiQuantum investment with hybrid quantum-classical orchestration that integrates photonic quantum computers with classical AI accelerators,Your PsiQuantum bet needs hybrid integration—InfraFabric coordinates photonic quantum with classical AI accelerators leveraging your semiconductor architecture expertise,B,88
Andrew,Feldman,Cerebras Systems,Co-Founder & CEO,AI Infrastructure,AI Infrastructure Company,https://linkedin.com/in/andrewdfeldman,https://www.cerebras.ai,,Builds world's largest AI chips and needs coordination infrastructure to scale AI systems toward quantum-AI hybrid architectures.,"Launched CS-3/WSE-3 (2x CS-2 performance) 2024; Meta Llama API partnership April 2025 (18x faster inference); beat Blackwell on Llama 4 at 2,500 tokens/sec; raised $1.1B Sept 2025 at $8.1B valuation; expanded to 6 datacenters (40M tokens/sec)",Scaling inference performance to 40M+ tokens/sec across distributed datacenters while competing against NVIDIA's GPU ecosystem and proving wafer-scale differentiation,Distributed quantum network management,Coordinate wafer-scale AI inference across geo-distributed datacenters using quantum networking for sub-millisecond coherence and global state synchronization,Your wafer-scale architecture pioneered unified compute—InfraFabric extends that vision with quantum networking to synchronize distributed CS-3 clusters at light speed,A,87
Neema,Raphael,Goldman Sachs,Chief Data Officer & Head of Data Engineering,Financial Services AI,Fortune-500/Enterprise AI Leader,https://www.linkedin.com/in/neema-raphael,https://www.goldmansachs.com,,Oversees data strategy and emerging technology including digital assets and AI where quantum computing integration will be critical for future infrastructure.,Leading Goldman Sachs data strategy; overseeing digital assets and emerging technology initiatives; coordinating data engineering for AI and quantum readiness,Building data infrastructure for digital assets and AI while preparing for quantum computing's impact on cryptography securing financial transactions,Post-quantum cryptography integration,Secure Goldman's data infrastructure with post-quantum cryptography while orchestrating quantum-enhanced data analytics for digital assets trading,Your digital assets need quantum-safe infrastructure—InfraFabric secures data with PQC while coordinating quantum-enhanced analytics for trading edge,A,87
Josh,Wolfe,Lux Capital,Co-Founder & Managing Partner,Deep Tech VC,VC/Infrastructure Investor,https://www.linkedin.com/in/josh-wolfe-7883/,https://www.luxcapital.com,,Invests in frontier science solving vexing puzzles and backs quantum computing infrastructure companies like Rigetti Computing.,"$100M+ biotech/AI commitment 2025 offsetting Trump research cuts; board member at Anduril, Planet, Hadrian, Osmo; founding investor with Bill Gates in Kymeta satellite antennas",Identifying frontier science investments at physical-digital intersection while backing quantum computing and space communication infrastructure,Distributed quantum network management,Coordinate your space communications portfolio (Kymeta) with quantum networking that enables secure global satellite communications beyond classical encryption,Your Kymeta investment pioneered space comms—InfraFabric extends that with quantum networking for secure global satellite communications beyond classical limits,B,87
Grégoire,Ribordy,ID Quantique (IonQ),CEO & Co-founder,Quantum Cryptography,Quantum Networking/Cryptography Vendor,https://www.linkedin.com/in/gregoire-ribordy/,https://www.idquantique.com,,Leads pioneer in QKD solutions now part of IonQ's quantum networking ecosystem requiring coordination infrastructure for quantum-AI integration.,"IonQ completed IDQ acquisition May 2025; added 300 patents (900 total for IonQ); integrated QKD, QRNGs, single-photon detectors; Singapore/Turkey intercontinental QKD deployments",Integrating 20+ years of QKD deployment experience into IonQ's quantum computing ecosystem to build unified quantum networking infrastructure,Distributed quantum network management,Orchestrate end-to-end quantum networks that unify your QKD security fabric with IonQ's quantum computers and AI inference workloads,Your QKD deployments secure the channel—InfraFabric orchestrates the entire quantum network from your secure links to IonQ's quantum computers,A,86
Berta,Rodriguez-Hervas,Pfizer,Chief AI and Analytics Officer,Pharmaceutical AI,Fortune-500/Enterprise AI Leader,https://www.linkedin.com/in/berta-rodriguez-hervas,https://www.pfizer.com,,Former Nvidia AI leader now accelerating drug discovery and clinical development with AI where quantum-AI convergence could revolutionize molecular modeling.,Former NVIDIA VP of Healthcare AI; appointed Pfizer Chief AI Officer; accelerating drug discovery and clinical development with AI-driven molecular modeling,Accelerating drug discovery with AI-driven molecular modeling while preparing for quantum computing's transformative impact on pharmaceutical research,Hybrid quantum-classical coordination layer,Coordinate Pfizer's AI drug discovery with quantum-enhanced molecular modeling that simulates interactions classical computers cannot handle,Your NVIDIA background knows AI limits—InfraFabric coordinates hybrid quantum-classical drug discovery simulating molecular interactions beyond classical reach,A,86
Zachary,Bogue,DCVC,Co-Founder & Managing Partner,Deep Tech VC,VC/Infrastructure Investor,https://www.linkedin.com/in/zackbogue/,https://www.dcvc.com,,Leads deep tech investments at intersection of transformative technology including quantum computing platforms.,DCVC deep tech investments in quantum computing platforms; focused on transformative technology commercialization,Investing in quantum computing platforms while building portfolio at intersection of transformative technologies requiring sophisticated coordination,Hybrid quantum-classical coordination layer,Coordinate DCVC's quantum computing investments with hybrid quantum-classical orchestration framework that accelerates portfolio company integration,Your quantum platform investments need hybrid coordination—InfraFabric orchestrates your portfolio with quantum-classical integration accelerating commercialization,B,86
Elham,Tabassi,Brookings Institution,Director of AI & Emerging Technology Initiative and Senior Fellow,Tech Policy Research,Think Tank/Research Institute,https://www.linkedin.com/in/elham-tabassi-b5931b6/,https://www.brookings.edu,,Led NIST's AI Risk Management Framework and now shapes policy research on AI governance and quantum-AI convergence at global scale.,Joined Brookings March 2025 as AIET Director; led NIST AI Risk Management Framework (Jan 2023); co-authored GenAI Profile 2024; TIME 100 AI 2023,Extending NIST AI Risk Management Framework to global AI governance while researching quantum-AI convergence risk assessment,Multi-stakeholder quantum-AI governance framework,Extend your AI Risk Management Framework to quantum-AI systems with unified risk assessment spanning classical and quantum-enhanced AI,Your AI RMF sets global standard—InfraFabric extends that framework to quantum-AI with unified risk assessment for hybrid systems,B,86
Sid,Sheth,d-Matrix,Founder & CEO,AI Infrastructure,AI Infrastructure Company,https://linkedin.com/in/sheth,https://www.d-matrix.ai,,Building AI inference compute platform that requires sophisticated coordination infrastructure for quantum-AI hybrid systems.,Launched Corsair platform Nov 2024 at SC24 (DIMC architecture for inference); sampling to customers with Q2 2025 GA; SuperMicro partnership; $160M+ funding including Microsoft; Cerebral Valley Deep Dive on DIMC vs GPUs,Making inference most energy-efficient workload via Digital In-Memory Compute while building business that captures inference opportunity without GPU/HBM dependencies,Quantum-safe AI infrastructure orchestration,Optimize DIMC inference efficiency by orchestrating quantum preprocessing for feature extraction that feeds d-Matrix accelerators in hybrid pipelines,Your DIMC architecture eliminates GPU inefficiency—InfraFabric eliminates the next layer by orchestrating quantum preprocessing that feeds Corsair at peak efficiency,A,85
Steve,Bowsher,In-Q-Tel,President & CEO,National Security Innovation,Defense/National Security,,https://www.iqt.org,,Leads IC's venture arm investing in quantum and AI startups; bridges commercial innovation to intelligence community needs.,Leading In-Q-Tel investments in quantum and AI startups for intelligence community; bridging commercial innovation to IC operational needs; coordinating quantum-AI technology transition,Accelerating commercial quantum and AI technology transition to intelligence community while managing portfolio of startups across both domains,Multi-stakeholder quantum-AI governance framework,Coordinate In-Q-Tel's quantum and AI portfolio companies with unified integration framework that accelerates IC technology transition,Your portfolio spans quantum and AI startups—InfraFabric coordinates their integration into IC operations with unified orchestration framework,B,85
Dan,Priest,PwC,Chief AI Officer US,Professional Services AI,Fortune-500/Enterprise AI Leader,https://www.linkedin.com/in/dan-priest-pwc,https://www.pwc.com,,Leading $1B AI investment to transform client services and internal operations where quantum-AI coordination could differentiate consulting offerings.,Leading PwC's $1B AI investment; transforming client services and internal operations with AI; positioning PwC as AI-powered consulting leader,Investing $1B in AI transformation while preparing quantum-AI consulting services that differentiate PwC from Big 4 competitors,Multi-stakeholder quantum-AI governance framework,Coordinate PwC's $1B AI investment with quantum-AI readiness that differentiates consulting offerings before competitors develop quantum capabilities,Your $1B AI investment needs quantum differentiation—InfraFabric coordinates quantum-ready architecture positioning PwC ahead of Big 4 in quantum-AI consulting,A,85
Martin,Casado,Andreessen Horowitz,General Partner,Infrastructure VC,VC/Infrastructure Investor,https://www.linkedin.com/in/martincasado/,https://a16z.com,,Leads a16z's $1.25B infrastructure practice and pioneered software-defined networking paradigm shifts.,Leads a16z $1.25B infrastructure practice; pioneered software-defined networking; focused on networking paradigm shifts,Investing in infrastructure paradigm shifts while leveraging SDN expertise to identify next-generation networking opportunities,Distributed quantum network management,Coordinate quantum networks with software-defined orchestration extending your SDN paradigm to quantum networking layer,Your SDN vision pioneered programmable networks—InfraFabric extends that paradigm to quantum networking with software-defined quantum orchestration,B,85
Jordan,Shapiro,IonQ,President & GM - Quantum Networking,Quantum Networking,Quantum Networking/Cryptography Vendor,https://www.linkedin.com/in/jordandavidshapiro/,https://ionq.com,,Oversees IonQ's quantum networking division building critical quantum internet infrastructure that needs AI-quantum coordination capabilities.,Appointed President & GM Quantum Networking May 2025 (from VP FP&A); spearheaded Qubitekk and IDQ acquisitions; Stanford engineering degrees; guiding quantum internet technical roadmap,"Building quantum internet architecture that integrates recent acquisitions (Qubitekk, IDQ) into cohesive quantum networking business serving computing and security markets",Distributed quantum network management,"Architect the quantum internet by orchestrating diverse quantum networking technologies (QKD, entanglement distribution, quantum computing connectivity) in unified control plane",Your quantum internet roadmap spans computing and security—InfraFabric provides the unified orchestration layer that makes your acquired technologies work as one,A,84
Elizabeth,Kelly,NIST U.S. AI Safety Institute,Director,AI Safety & Standards,Government/Regulatory Agency,https://www.linkedin.com/in/elizabeth-kelly-dc/,https://www.nist.gov/artificial-intelligence-safety-institute,,Leads federal AI safety standards and testing critical for quantum-AI convergence infrastructure coordination.,Signed Anthropic and OpenAI AI safety agreements Aug 2024; building U.S. capacity to test frontier AI models pre-deployment; CSIS keynote July 2024; coordinating with UK/Japan AI Safety Institutes,Testing frontier AI models pre-deployment while coordinating international AI safety standards with allies and developing quantum-AI convergence safety frameworks,Multi-stakeholder quantum-AI governance framework,Extend AI Safety Institute testing to quantum-enhanced AI systems with unified safety framework spanning both classical and quantum-hybrid models,Your frontier AI testing needs quantum extension—InfraFabric provides unified safety framework for testing quantum-enhanced AI models with your established protocols,B,84
Brian,Kursar,Toyota Motor North America,Group VP & Head of AI,Automotive AI,Fortune-500/Enterprise AI Leader,https://www.linkedin.com/in/brian-kursar,https://www.toyota.com,,Leading Toyota's North American AI strategy and Global AI Accelerator where quantum-AI infrastructure is critical for autonomous vehicle development.,Leading Toyota's North American AI strategy; heading Global AI Accelerator; advancing autonomous vehicle AI requiring real-time coordination at scale,"Developing autonomous vehicle AI that requires real-time sensor fusion, path planning, and coordination across vehicle fleets at Toyota scale",Distributed quantum network management,Coordinate Toyota's autonomous vehicle fleet with quantum-enhanced communication enabling real-time sensor fusion and path planning beyond classical latency limits,Your autonomous vehicles need real-time coordination—InfraFabric uses quantum communication for fleet orchestration with sensor fusion faster than classical networks,A,84
Allyson,O'Brien,DARPA,Program Manager - QuANET,Defense R&D,Defense/National Security,https://www.linkedin.com/in/allysonobrien,https://www.darpa.mil,,Manages DARPA's quantum-augmented network program integrating quantum and classical communications for secure infrastructure.,Managing QuANET program integrating quantum and classical communications; developing quantum-augmented networks for secure military communications; coordinating multi-vendor quantum networking research,Integrating quantum and classical communications in quantum-augmented networks that provide secure military communications without requiring full quantum internet infrastructure,Distributed quantum network management,Orchestrate QuANET's quantum-augmented networks to seamlessly integrate quantum security channels with existing classical military communication infrastructure,Your QuANET vision augments classical networks with quantum—InfraFabric orchestrates that integration so quantum security deploys without replacing existing infrastructure,A,83
Daniel,Danker,Walmart,EVP AI Acceleration Product and Design,Enterprise Retail AI,Fortune-500/Enterprise AI Leader,https://www.linkedin.com/in/daniel-danker,https://corporate.walmart.com,,Leading AI transformation across 2.1M employee enterprise that needs robust coordination infrastructure for AI-driven retail innovation at massive scale.,Leading AI acceleration across Walmart's 2.1M employees; driving AI product and design transformation for retail innovation at global scale,"Scaling AI across 2.1M employees and global supply chain while optimizing inventory, pricing, and logistics at unprecedented scale",Distributed quantum network management,Coordinate Walmart's global supply chain AI with quantum-enhanced optimization that routes 2.1M employees and inventory more efficiently than classical systems,Your 2.1M-person scale needs quantum coordination—InfraFabric orchestrates supply chain AI with quantum optimization routing inventory faster than classical limits,A,83
Dror,Berman,Innovation Endeavors,Founder & Managing Partner,Infrastructure VC,VC/Infrastructure Investor,https://www.linkedin.com/in/drorberman/,https://www.innovationendeavors.com,,Led investments in Atom Computing (quantum) and backs founders leveraging data and compute for exponential change.,Led Atom Computing (quantum) investment; backs founders using data and compute for exponential change; focus on infrastructure enabling transformation,Investing in quantum computing (Atom) and compute infrastructure that enables exponential innovation through data and computation,Hybrid quantum-classical coordination layer,Coordinate your Atom Computing investment with hybrid orchestration that integrates neutral atom quantum systems with classical compute infrastructure,Your Atom Computing investment needs hybrid integration—InfraFabric coordinates neutral atom quantum with classical infrastructure for seamless exponential compute,B,83
Rajeeb,Hazra,Quantinuum,CEO,Quantum Computing,Quantum Networking/Cryptography Vendor,https://www.linkedin.com/in/rhazra/,https://www.quantinuum.com,,CEO of leading quantum company working on quantum networking applications needing coordination infrastructure for hybrid quantum-classical systems.,Appointed CEO Feb 2023; CNBC June 2025 on quantum computing demand growth; IEEE Quantum Week 2024 keynote; 25 years at Intel (led supercomputing); focus on rapid scaling phase,Scaling Quantinuum as largest standalone integrated quantum company during rapid commercialization phase while proving industrially-useful quantum advantage,Hybrid quantum-classical coordination layer,Orchestrate Quantinuum's trapped-ion systems with HPC/AI infrastructure to deliver industrially-useful hybrid quantum-classical applications at scale,Your HPC background knows hybrid systems—InfraFabric coordinates Quantinuum's quantum computers with classical supercomputers for industrial applications at your scale,A,82
Lisa,Einstein,CISA,Chief Artificial Intelligence Officer,Cybersecurity & Critical Infrastructure,Government/Regulatory Agency,https://www.linkedin.com/in/lisa-einstein/,https://www.cisa.gov,,Leads AI security for critical infrastructure where quantum-AI convergence poses emerging coordination challenges.,Leading CISA AI security strategy for critical infrastructure; coordinating AI-enhanced cybersecurity across 16 critical sectors; addressing quantum-AI convergence threats,Securing 16 critical infrastructure sectors against quantum-AI convergence threats while deploying AI-enhanced cyber defense at national scale,Quantum-safe AI infrastructure orchestration,Secure critical infrastructure with unified quantum-safe framework that protects both AI-enhanced defenses and critical systems from quantum attacks,Your 16-sector mandate demands unified security—InfraFabric coordinates quantum-safe AI defenses across critical infrastructure with sector-spanning orchestration,B,82
Andrew,Chin,AllianceBernstein,Chief Artificial Intelligence Officer,Asset Management AI,Fortune-500/Enterprise AI Leader,https://www.linkedin.com/in/andrewchin17,https://www.alliancebernstein.com,,First CAIO at major asset manager transforming investment research and portfolio management where quantum computing will revolutionize optimization algorithms.,First Chief AI Officer at major asset manager; transforming investment research and portfolio management with AI-driven insights and optimization,Optimizing investment portfolios with AI while preparing for quantum computing's revolutionary impact on multi-asset portfolio optimization,Hybrid quantum-classical coordination layer,Coordinate AllianceBernstein's portfolio optimization with quantum-enhanced algorithms that solve multi-asset allocation problems classical computers cannot,Your CAIO role pioneers AI in asset management—InfraFabric coordinates quantum-enhanced portfolio optimization solving allocations beyond classical reach,A,82
Helen,Toner,Center for Security and Emerging Technology (CSET),Interim Executive Director,Tech Policy Research,Think Tank/Research Institute,https://www.linkedin.com/in/helen-toner-4162439a/,https://cset.georgetown.edu,,Leads CSET's research on AI policy and strategy with expertise in advising policymakers on emerging technology governance and national security implications.,Interim CSET Director; former OpenAI board member (removed Sam Altman Nov 2023); TIME 100 AI 2024; launched Substack 2025; SXSW 2025 on AI guardrails,Advising policymakers on AI safety governance while researching U.S.-China AI competition and quantum-AI convergence national security implications,Multi-stakeholder quantum-AI governance framework,Extend CSET's AI policy research to quantum-AI governance frameworks that address U.S.-China competition across both technologies simultaneously,Your AI policy research needs quantum extension—InfraFabric provides governance frameworks addressing U.S.-China competition in quantum-AI convergence,B,82
Jim,Ricotta,Aliro Quantum,CEO & Chairman,Quantum Networking,Quantum Networking/Cryptography Vendor,https://www.linkedin.com/in/jimricotta,https://www.aliroquantum.com,,CEO of company building entanglement-based quantum networks requiring coordination infrastructure to enable quantum network applications.,AliroNet Quickstart live deployment 2025 (first turnkey entanglement network); supports 50+ quantum network devices Sept 2025; AFRL partnership Sept 2024; 5 prior CEO exits >$1B,Commercializing entanglement-based quantum networking (AliroNet Quickstart) from R&D phase to production enterprise deployments at scale,Distributed quantum network management,"Orchestrate entanglement-based quantum networks to coordinate QKD, quantum processor connectivity, and distributed sensing in unified multi-application fabric","Your AliroNet Quickstart pioneered turnkey entanglement networks—InfraFabric orchestrates those networks for multi-application workloads spanning security, computing, and sensing",A,81
Nathaniel,Bastian,DARPA,Program Manager - SABER (AI Security),Defense R&D,Defense/National Security,https://www.linkedin.com/in/nathanielbastian/,https://www.darpa.mil,,Focuses on securing battlefield AI systems against cyber/EW attacks; addresses quantum-AI convergence security challenges.,Managing SABER program to secure battlefield AI against cyber and electronic warfare attacks; addressing adversarial AI threats in contested environments; quantum-AI security convergence,Securing battlefield AI systems against quantum-enabled cyber attacks and adversarial AI in contested electromagnetic environments,Quantum-safe AI infrastructure orchestration,Secure battlefield AI with quantum-resistant encryption and quantum-enabled threat detection that protects against adversarial AI in contested environments,Your SABER program secures battlefield AI from quantum threats—InfraFabric provides the PQC-secured orchestration layer that hardens AI systems against quantum attacks,A,81
Michael,Kratsios,White House OSTP,Director,Science & Technology Policy,Government/Regulatory Agency,https://www.linkedin.com/in/michaelkratsios/,https://www.whitehouse.gov/ostp/,,Leads U.S. AI Action Plan and federal R&D strategy encompassing quantum-AI convergence technologies.,Leading U.S. AI Action Plan and federal R&D strategy; coordinating quantum and AI initiatives across federal agencies; directing OSTP science policy,Coordinating federal quantum-AI R&D strategy across agencies while implementing U.S. AI Action Plan and quantum initiative simultaneously,Multi-stakeholder quantum-AI governance framework,Coordinate OSTP's federal quantum and AI initiatives with unified R&D framework that accelerates convergence across agencies,Your OSTP mandate spans quantum and AI separately—InfraFabric coordinates both with unified R&D framework accelerating convergence across federal agencies,B,81
Abhi,Seth,Boeing,Chief Enterprise AI & Data Officer,Aerospace AI,Fortune-500/Enterprise AI Leader,https://www.linkedin.com/in/abhi-seth-boeing,https://www.boeing.com,,Deployed GenAI platform to 170K+ employees in aerospace engineering where quantum-AI coordination infrastructure supports complex simulation and design.,Deployed GenAI platform across 170K+ Boeing employees; leading aerospace AI transformation; advancing AI-driven design and complex engineering simulations,Scaling AI across 170K engineers for complex aerospace simulation and design where quantum computing could revolutionize computational fluid dynamics,Hybrid quantum-classical coordination layer,Coordinate Boeing's engineering AI with quantum-enhanced CFD simulation that models airflow and structural analysis beyond classical computational limits,Your 170K-engineer AI platform needs quantum augmentation—InfraFabric coordinates hybrid quantum-classical CFD simulations beyond classical aerospace limits,A,81
Wael,Diab,ISO/IEC JTC 1/SC 42,Chair Artificial Intelligence Standards Committee,Standards Development,Standards Body,https://www.linkedin.com/in/wdiab/,https://www.iso.org,,Chairs international AI standardization committee developing interoperability standards critical for quantum-AI convergence and cross-border coordination frameworks.,ISO/IEC JTC 1/SC 42 AI Committee Chair; 900+ patents in ICT; developing international AI standards for responsible adoption and interoperability,Developing international AI interoperability standards while preparing for quantum-AI convergence requiring new standardization approaches,Multi-stakeholder quantum-AI governance framework,Extend ISO AI standards to quantum-AI interoperability ensuring systems spanning classical and quantum domains meet unified standards,Your AI standards enable global interoperability—InfraFabric extends that to quantum-AI ensuring hybrid systems meet unified international standards,B,81
Andrew,Shields,Toshiba Europe,VP & GM - Quantum Technology,Quantum Cryptography,Quantum Networking/Cryptography Vendor,https://www.linkedin.com/in/andrew-shields-366b3173/,https://www.toshiba.eu/quantum/,,Leads quantum cryptography division deploying QKD networks requiring coordination infrastructure for quantum-secure communication systems.,Launched integrated PQC+QKD solution March 2025 (NIST standards); twin-field QKD breakthrough April 2025 (national-scale secure communication); BT/Equinix/Toshiba London data center deployment Sept 2024; Orange 400Gbit/s quantum-secure transmission,Deploying production QKD networks at national scale while integrating post-quantum cryptography standards into commercially available quantum-safe platforms,Post-quantum cryptography integration,Orchestrate Toshiba's twin-field QKD networks with PQC-secured classical channels to provide defense-in-depth security for distributed quantum-AI systems,Your twin-field QKD achieves national scale—InfraFabric orchestrates those networks with PQC-secured classical channels for defense-in-depth quantum-AI security,A,80
Ollie,Whitehouse,UK National Cyber Security Centre,Chief Technology Officer,National Security Innovation,Defense/National Security,,https://www.ncsc.gov.uk,,GCHQ's first CTO leading UK's quantum-resistant encryption roadmap by 2035; coordinates Five Eyes quantum security initiatives.,GCHQ's first CTO leading UK's quantum-resistant encryption roadmap targeting 2035; coordinating Five Eyes quantum security initiatives; driving national PQC transition,Delivering UK's quantum-resistant encryption roadmap by 2035 while coordinating with Five Eyes partners on quantum security standards,Post-quantum cryptography integration,Coordinate UK's 2035 PQC roadmap with Five Eyes partners using unified orchestration that ensures interoperable quantum-resistant systems across allied nations,Your 2035 PQC roadmap needs Five Eyes alignment—InfraFabric coordinates allied transitions with unified orchestration ensuring interoperable quantum-resistant systems,A,80
Vishal,Talwar,FedEx,EVP Chief Digital and Information Officer,Logistics AI,Fortune-500/Enterprise AI Leader,https://www.linkedin.com/in/vishal-talwar-fedex,https://www.fedex.com,,Leading Network 2.0 digital transformation leveraging data and AI to optimize global logistics where quantum-AI infrastructure enables supply chain optimization at scale.,Leading FedEx Network 2.0 digital transformation; optimizing global logistics with data and AI; coordinating supply chain across massive geographic scale,Optimizing FedEx's global logistics network with AI while preparing for quantum computing's impact on route optimization and supply chain coordination,Distributed quantum network management,Coordinate FedEx's global network with quantum-enhanced route optimization that plans logistics across your entire network faster than classical systems,Your Network 2.0 transformation needs quantum optimization—InfraFabric coordinates global logistics with quantum route planning beyond classical algorithmic limits,A,80
Sunil,Dhaliwal,Amplify Partners,Founder & General Partner,Infrastructure VC,VC/Infrastructure Investor,https://www.linkedin.com/in/sunildhaliwal/,https://www.amplifypartners.com,,Backs technical founders building distributed systems and data infrastructure with unique insights into coordination challenges.,Amplify backs technical founders building distributed systems and data infrastructure; deep insights into coordination challenges at scale,Investing in distributed systems founders who understand coordination challenges across complex infrastructure architectures,Distributed quantum network management,Coordinate your distributed systems portfolio with quantum networking that solves coordination challenges classical infrastructure cannot,Your distributed systems thesis sees coordination pain—InfraFabric solves that with quantum networking enabling real-time coordination classical systems cannot achieve,B,80
Subodh,Kulkarni,Rigetti Computing,President & CEO,Quantum Computing,Quantum Networking/Cryptography Vendor,https://www.linkedin.com/in/subodh-kulkarni-21001611/,https://www.rigetti.com,,Leads quantum computing firm developing superconducting quantum networking requiring coordination frameworks for distributed quantum systems.,Stanford Tech+Nat'l Security conference Oct 2024; $5.8M USAF superconducting quantum networking contract with QphoX; 36-qubit multi-chip system (99.5% gate fidelity); on track for 84-qubit Ankaa-3,Proving superconducting leads for large-scale quantum computing while building quantum networking capabilities via USAF contract and multi-chip architectures,Distributed quantum network management,Network distributed superconducting quantum processors using quantum networking that preserves your 99.5% gate fidelity across multi-chip and multi-rack systems,Your multi-chip architecture proves distributed quantum—InfraFabric extends that with quantum networking that coordinates Ankaa clusters while preserving 99.5% fidelity,A,79
Lucilla,Sioli,European Commission AI Office,Director,AI Regulation,Government/Regulatory Agency,https://www.linkedin.com/in/lucilla-sioli-b944392/,https://digital-strategy.ec.europa.eu/en/policies/ai-office,,Oversees EU AI Act implementation and international AI governance essential for cross-border quantum-AI systems.,Leading EU AI Act implementation and enforcement; coordinating international AI governance frameworks; developing cross-border AI regulatory cooperation,Implementing EU AI Act across member states while coordinating international AI governance for cross-border quantum-AI systems with non-EU partners,Multi-stakeholder quantum-AI governance framework,Coordinate EU AI Act compliance with quantum-AI governance framework that extends high-risk AI requirements to quantum-enhanced systems,Your AI Act needs quantum-AI extension—InfraFabric coordinates EU compliance framework spanning classical and quantum-enhanced high-risk AI systems,B,79
Nick,Andersen,CISA,Executive Assistant Director for Cybersecurity,Cybersecurity & Critical Infrastructure,Government/Regulatory Agency,https://www.linkedin.com/in/nmandersen/,https://www.cisa.gov,,Oversees federal cybersecurity including post-quantum cryptography and AI-enhanced threat defense coordination.,Leading federal cybersecurity including PQC transition planning; coordinating AI-enhanced cyber defense; overseeing critical infrastructure protection against quantum threats,Coordinating federal post-quantum cryptography transition while deploying AI-enhanced cyber defense across government and critical infrastructure,Post-quantum cryptography integration,Coordinate CISA's PQC transition with AI-enhanced threat detection in unified cybersecurity framework protecting federal and critical infrastructure systems,Your dual PQC+AI security mandate needs coordination—InfraFabric unifies both in integrated framework protecting federal systems from quantum threats,A,79
Peter,Barrett,Playground Global,Founder & General Partner,Deep Tech VC,VC/Infrastructure Investor,https://www.linkedin.com/in/peter-barrett-1b4b6439/,https://www.playground.vc,,Backs next-generation compute and AI infrastructure underpinning automation across material science and drug discovery.,Playground backs next-gen compute and AI infrastructure for material science and drug discovery; investing in automation and physical-digital convergence,Investing in compute infrastructure for material science and drug discovery where quantum computing will transform molecular simulation,Hybrid quantum-classical coordination layer,Coordinate your materials and drug discovery portfolio with quantum-enhanced molecular simulation that complements classical AI screening,Your materials science investments need quantum simulation—InfraFabric coordinates hybrid quantum-classical molecular modeling beyond classical AI screening limits,B,79
Vivek,Chilukuri,Center for a New American Security (CNAS),Director and Senior Fellow Technology & National Security Program,Tech Policy Research,Think Tank/Research Institute,https://www.linkedin.com/in/vivekchil/,https://www.cnas.org,,Leads CNAS program on accelerating U.S. leadership in AI quantum and biotechnology while addressing technology competition and critical infrastructure security.,"CNAS Tech+Nat'l Security Director; accelerating U.S. leadership in AI, quantum, and biotech; addressing tech competition and critical infrastructure","Accelerating U.S. leadership across AI, quantum, and biotech while coordinating critical infrastructure security against adversary threats",Multi-stakeholder quantum-AI governance framework,Coordinate CNAS research on U.S. AI and quantum leadership with unified framework addressing critical infrastructure protection across both domains,Your mandate spans AI and quantum leadership—InfraFabric coordinates both with unified framework protecting critical infrastructure from adversary threats,B,79
Joe,Altepeter,DARPA,Program Manager - Quantum Benchmarking Initiative,Defense R&D,Defense/National Security,,https://www.darpa.mil,,Leads DARPA's effort to validate industrially useful quantum computers by 2033; coordinates multi-vendor quantum benchmarking.,Leading DARPA's quantum benchmarking initiative targeting 2033 for industrially-useful quantum validation; coordinating multi-vendor benchmarking to validate quantum advantage; developing standardized metrics,Validating industrially-useful quantum computers by 2033 through rigorous multi-vendor benchmarking that proves quantum advantage in real-world applications,Quantum computing benchmarking & validation,"Orchestrate multi-vendor quantum benchmarking across diverse architectures (superconducting, trapped-ion, photonic) with standardized metrics and unified data collection",Your 2033 benchmarking targets need multi-vendor coordination—InfraFabric orchestrates diverse quantum systems with standardized metrics for fair comparison,A,78
Tõnis,Saar,NATO CCDCOE,Director,National Security Innovation,Defense/National Security,,https://ccdcoe.org,,Directs NATO's cyber defense center of excellence with 39 nations; coordinates quantum-secure communications for alliance operations.,Directing NATO CCDCOE with 39 member nations; coordinating quantum-secure communications for alliance cyber defense; leading NATO quantum cryptography initiatives,Coordinating quantum-secure communications across 39 NATO nations with diverse infrastructures and interoperability requirements for alliance operations,Multi-stakeholder quantum-AI governance framework,Orchestrate NATO's 39-nation quantum-secure communications with unified coordination framework that ensures interoperability across diverse national infrastructures,Your 39-nation coordination demands interoperability—InfraFabric orchestrates NATO's quantum-secure communications with unified framework spanning diverse national systems,B,78
Bilal,Zuberi,Lux Capital,General Partner,Deep Tech VC,VC/Infrastructure Investor,https://www.linkedin.com/in/bzuberi/,https://www.luxcapital.com,,Focuses on deep tech and infrastructure solving complex problems in climate and enterprise systems requiring coordination.,Deep tech investing in infrastructure for climate and enterprise systems; focused on solving complex coordination problems at scale,Investing in deep tech infrastructure that solves complex coordination problems across climate and enterprise systems requiring sophisticated orchestration,Distributed quantum network management,Coordinate your climate and enterprise infrastructure portfolio with quantum networking that enables real-time monitoring and optimization at global scale,Your infrastructure thesis demands coordination—InfraFabric orchestrates your climate and enterprise portfolio with quantum networking for global real-time optimization,B,78
Dewey,Murdick,Center for Security and Emerging Technology (CSET),Executive Director,Tech Policy Research,Think Tank/Research Institute,https://www.linkedin.com/in/murdick,https://cset.georgetown.edu,,Directs CSET's AI policy research and emerging technology analysis with background as former DHS Chief Analytics Officer specializing in technology foresight.,CSET Executive Director; former DHS Chief Analytics Officer; leading AI policy research and emerging technology foresight analysis,Directing technology foresight research while analyzing quantum-AI convergence implications for national security policy,Multi-stakeholder quantum-AI governance framework,Extend CSET's technology foresight to quantum-AI convergence scenarios informing national security policy across both domains,Your DHS background knows convergence threats—InfraFabric provides quantum-AI foresight frameworks for national security policy spanning both technologies,B,78
Kevin,Chalker,Qrypt,Founder & CEO,Quantum Cryptography,Quantum Networking/Cryptography Vendor,https://www.linkedin.com/in/kevin-chalker-8b2b06a6/,https://www.qrypt.com,,Leads quantum-secure encryption company requiring coordination infrastructure to integrate quantum security with AI-driven systems.,Mattermost partnership announced Feb 2025 for quantum-secure DoD/intelligence communications; coordinates global business development and strategic partnerships; peer-reviewed quantum entropy encryption,Delivering quantum-safe cryptography to critical infrastructure and defense customers who need protection against both current and future quantum computing threats,Post-quantum cryptography integration,Integrate Qrypt's quantum-secure encryption into hybrid quantum-AI systems that require end-to-end protection from training through inference,Your quantum entropy encryption secures data at rest—InfraFabric secures the entire quantum-AI workflow from data ingestion through hybrid compute to inference,A,77
Adam,Beaumont,UK AI Security Institute (AISI),Interim Director,AI Security & Safety,Government/Regulatory Agency,https://www.linkedin.com/in/adam-beaumont-uk/,https://www.aisi.gov.uk,,Former GCHQ AI chief leading national AI security evaluations relevant to quantum-enhanced AI threat modeling.,Leading UK AI security evaluations as former GCHQ AI chief; coordinating with international AI safety partners; developing quantum-enhanced AI threat models,Evaluating frontier AI security threats including quantum-enhanced AI attack scenarios while coordinating with GCHQ and international partners,Quantum-safe AI infrastructure orchestration,Secure UK's AI systems against quantum-enhanced threats with unified security framework spanning PQC-secured AI infrastructure and quantum threat detection,Your GCHQ background sees quantum threats—InfraFabric secures AI systems with PQC encryption and quantum threat detection in unified security framework,B,77
Anjney,Midha,Andreessen Horowitz,General Partner,Infrastructure VC,VC/Infrastructure Investor,https://www.linkedin.com/in/anjney/,https://a16z.com,,Invests in AI infrastructure and open source technology with focus on hardware evolution for AI inference workloads.,a16z investments in AI infrastructure and open source; focused on hardware evolution for AI inference workloads at scale,Investing in AI inference hardware evolution while preparing for quantum computing's impact on accelerating inference workloads,Hybrid quantum-classical coordination layer,Coordinate your AI inference portfolio with quantum preprocessing that accelerates feature extraction feeding classical inference accelerators,Your inference focus needs quantum preprocessing—InfraFabric coordinates hybrid systems with quantum feature extraction feeding your classical accelerators,B,77
Martin,Ward,ETSI ISG QKD,Chair Quantum Key Distribution Industry Specification Group,Standards Development,Standards Body,https://www.linkedin.com/in/martin-ward-toshiba/,https://www.etsi.org,,Leads ETSI quantum key distribution standards development ensuring secure quantum communication networks enabling quantum-AI infrastructure coordination.,ETSI ISG QKD Chair developing quantum key distribution standards; ensuring secure quantum communication networks; coordinating with Toshiba QKD deployments,Developing QKD standards for secure quantum communications while enabling quantum network infrastructure for quantum-AI coordination,Distributed quantum network management,Extend ETSI QKD standards to quantum-AI orchestration ensuring secure quantum communications coordinate with AI workloads,Your QKD standards secure quantum communications—InfraFabric extends those standards to quantum-AI coordination securing hybrid workloads,B,77
Matt,Turek,DARPA,Deputy Director - Information Innovation Office,Defense R&D,Defense/National Security,https://www.linkedin.com/in/matthew-turek-0b2b665/,https://www.darpa.mil,,Guides DARPA's AI strategy where 70% of programs now use AI/ML; oversees trustworthy AI development for national security.,Overseeing 70% of DARPA programs now using AI/ML; leading trustworthy AI development for national security; coordinating AI strategy across Information Innovation Office,Ensuring 70% of DARPA programs using AI/ML meet trustworthy AI standards while coordinating quantum-AI convergence across defense R&D portfolio,Multi-stakeholder quantum-AI governance framework,Coordinate DARPA's quantum and AI programs with unified governance framework ensuring trustworthy AI principles extend to quantum-enhanced systems,Your 70% AI adoption demands trustworthy coordination—InfraFabric extends your AI governance framework to quantum-enhanced systems across DARPA's portfolio,B,76
Josephine,Teo,Singapore Ministry of Digital Development,Minister for Digital Development and Information,Government Digital Policy,Government/Regulatory Agency,https://www.linkedin.com/in/josephine-teo-104054184/,https://www.mci.gov.sg,,Oversees Singapore's AI governance framework and Smart Nation initiatives foundational to quantum-AI adoption.,Leading Singapore's AI governance framework and Smart Nation digital transformation; coordinating Southeast Asian digital policy; quantum-AI readiness for financial hub,Positioning Singapore as quantum-AI ready financial and technology hub while coordinating digital transformation and AI governance across Smart Nation,Multi-stakeholder quantum-AI governance framework,Coordinate Singapore's Smart Nation quantum-AI readiness with governance framework that positions the city-state as Asia's quantum-secure financial hub,Your Smart Nation vision needs quantum readiness—InfraFabric coordinates Singapore's quantum-AI governance positioning you as Asia's quantum-secure financial hub,B,76
Jennifer,Li,Andreessen Horowitz,General Partner,Infrastructure VC,VC/Infrastructure Investor,https://www.linkedin.com/in/jenniferhli/,https://a16z.com,,Focuses on enterprise infrastructure in data systems and AI requiring coordination across distributed architectures.,a16z enterprise infrastructure investments in data systems and AI; focused on coordination across distributed architectures,Investing in distributed data systems and AI infrastructure requiring sophisticated cross-architecture coordination at enterprise scale,Distributed quantum network management,Coordinate your distributed data portfolio with quantum networking that enables real-time synchronization across geo-distributed enterprise systems,Your distributed systems focus needs quantum coordination—InfraFabric provides quantum networking for real-time geo-distributed enterprise data synchronization,B,76
Robin,Blume-Kohout,Sandia National Laboratories,Co-Director - Quantum Performance Laboratory,Defense R&D,Defense/National Security,https://www.linkedin.com/in/robin-blume-kohout-8861286/,https://qpl.sandia.gov,,Pioneering quantum computer benchmarking and performance assessment critical for coordination infrastructure validation.,Co-directing Sandia's Quantum Performance Laboratory; pioneering quantum benchmarking methodologies; developing performance assessment frameworks for quantum systems,Developing rigorous quantum performance benchmarking that validates vendor claims and enables fair comparison across architectures for defense procurement,Quantum computing benchmarking & validation,Coordinate Sandia's quantum benchmarking across multi-vendor systems with standardized metrics that validate performance for defense procurement decisions,Your quantum benchmarking sets the gold standard—InfraFabric orchestrates multi-vendor testing with your standardized metrics for defense-grade validation,A,75
Jade,Leung,UK AI Security Institute (AISI),Chief Technology Officer & PM's AI Adviser,AI Security & Governance,Government/Regulatory Agency,https://www.linkedin.com/in/jade-l-2620bb9a/,https://www.aisi.gov.uk,,Leads frontier AI evaluations and advises PM on AI policy where quantum-AI capabilities require new governance models.,Leading frontier AI evaluations at UK AISI; advising Prime Minister on AI policy; developing quantum-AI governance models for advanced systems,Evaluating frontier AI systems for national security risks while developing governance models for quantum-AI capabilities that require new regulatory approaches,Multi-stakeholder quantum-AI governance framework,Extend UK's frontier AI evaluation framework to quantum-enhanced systems with governance models spanning classical and quantum-hybrid AI capabilities,Your frontier AI evaluations need quantum extension—InfraFabric provides governance framework for evaluating quantum-enhanced AI systems with unified protocols,B,75
Constanza,Vidal Bustamante,Center for a New American Security (CNAS),Fellow Technology & National Security Program,Tech Policy Research,Think Tank/Research Institute,https://www.linkedin.com/in/constanzavidal/,https://www.cnas.org,,Directs CNAS quantum technology policy portfolio investigating quantum's role in national security and policy solutions to advance U.S. quantum innovation.,CNAS quantum technology policy portfolio lead; investigating quantum's national security role and policy solutions for U.S. quantum innovation,Researching quantum technology national security implications while developing policy solutions for U.S. quantum-AI convergence leadership,Multi-stakeholder quantum-AI governance framework,Extend your quantum policy research to quantum-AI convergence frameworks that advance U.S. leadership across both technologies simultaneously,Your quantum policy focus needs AI integration—InfraFabric provides convergence frameworks advancing U.S. leadership in quantum-AI simultaneously,B,75
Denis,Mandich,Qrypt,CTO & Co-founder,Quantum Cryptography,Quantum Networking/Cryptography Vendor,https://www.linkedin.com/in/denismandich/,https://www.qrypt.com,,Technical lead for post-quantum cryptography needing coordination frameworks to deploy quantum-safe security across AI infrastructures.,Spoke at IQT Quantum+AI NYC Oct 2024; Quantum World Congress 2024; founding member QED-C and Mid-Atlantic Quantum Alliance; 20 years US Intelligence Community; advises ANSI and ITU-T,Standardizing post-quantum cryptography deployment across financial services and telecommunications while bridging PQC algorithms and quantum security systems,Post-quantum cryptography integration,Coordinate PQC algorithm deployment with quantum key distribution in unified security architecture that protects AI infrastructure end-to-end,Your PQC+QKD expertise spans the quantum security spectrum—InfraFabric orchestrates both in unified architecture protecting hybrid quantum-AI systems,B,74
Clara,Chappaz,French Government,State Secretary for AI and Digital Affairs,AI Policy & Innovation,Government/Regulatory Agency,https://fr.linkedin.com/in/clarachappaz,https://www.gouvernement.fr,,France's first AI minister driving national AI strategy where quantum computing integration is emerging priority.,France's first AI minister driving national AI strategy; coordinating French quantum computing initiatives; positioning France as European AI leader,Driving French national AI strategy while integrating quantum computing priorities and positioning France as European AI-quantum convergence leader,Hybrid quantum-classical coordination layer,Coordinate France's AI and quantum initiatives with unified national strategy that positions French industry as European quantum-AI leader,Your AI ministry pioneers national coordination—InfraFabric extends that to quantum-AI convergence positioning France as European hybrid systems leader,B,74
Salil,Gunashekar,RAND Europe,Senior Research Leader and Deputy Director Science & Emerging Technology,Tech Policy Research,Think Tank/Research Institute,https://www.linkedin.com/in/salilgunashekar/,https://www.rand.org,,Leads RAND's Quantum Technology Observatory for Policy and Society (QTOPS) examining quantum skills talent supply chains and technology governance frameworks.,"Leads RAND's Quantum Technology Observatory for Policy and Society (QTOPS); researching quantum skills, talent, supply chains, and governance",Researching quantum technology policy and governance while examining quantum-AI convergence workforce and supply chain implications,Multi-stakeholder quantum-AI governance framework,Extend QTOPS research to quantum-AI convergence governance addressing workforce development and supply chain coordination across both domains,Your QTOPS research spans quantum ecosystem—InfraFabric extends that to quantum-AI convergence governance spanning workforce and supply chains,B,74
Janet,Egan,Center for a New American Security (CNAS),Senior Fellow and Deputy Director Technology & National Security Program,Tech Policy Research,Think Tank/Research Institute,https://www.linkedin.com/in/janet-egan-a8a066127/,https://www.cnas.org,,Researches national security implications of AI and emerging technologies including compute governance for advanced AI systems coordination.,CNAS Deputy Director researching AI national security implications; expertise in compute governance for advanced AI systems coordination,Researching compute governance for advanced AI while analyzing quantum computing's impact on national security and AI systems coordination,Hybrid quantum-classical coordination layer,Extend your compute governance research to quantum-AI systems addressing coordination challenges spanning classical and quantum compute resources,Your compute governance research needs quantum extension—InfraFabric addresses coordination challenges for AI systems spanning classical and quantum resources,B,74
Prineha,Narang,Aliro Quantum,CTO & Co-founder,Quantum Networking,Quantum Networking/Cryptography Vendor,,https://www.aliroquantum.com,,Technical leader in quantum networking commercialization needing AI-quantum coordination for scalable quantum network deployment.,Promoted to full professor UCLA July 2023 (Howard Reiss Chair); named U.S. Science Envoy 2023; Guggenheim Fellowship 2023; leading AliroNet quantum network commercialization with Cisco backing,Bridging quantum networking research (UCLA) and commercialization (Aliro) to build scalable distributed quantum systems that transition from lab to production,Distributed quantum network management,Coordinate quantum network research deployments with AI-driven optimization to accelerate transition from academic prototypes to commercial-scale quantum internets,Your dual research-commercial role needs unified tooling—InfraFabric coordinates quantum network R&D and production deployments with AI-driven orchestration,B,73
Edward,Parker,RAND Corporation,Senior Physical Scientist,Tech Policy Research,Think Tank/Research Institute,https://www.linkedin.com/in/edward-parker-753b77159/,https://www.rand.org,,Researches quantum technology policy and U.S.-China quantum competition with expertise in quantum computing applications and post-quantum cryptography preparedness.,RAND research on quantum technology policy and U.S.-China quantum competition; expertise in quantum computing applications and PQC preparedness,Analyzing U.S.-China quantum competition while researching post-quantum cryptography preparedness and quantum computing policy,Post-quantum cryptography integration,Extend your U.S.-China quantum research to quantum-AI convergence competition addressing both quantum computing advantage and PQC preparedness,Your U.S.-China quantum research needs AI extension—InfraFabric addresses quantum-AI convergence competition spanning computing advantage and security,B,73
Andy,Leaver,Arqit Quantum,CEO,Quantum Cryptography,Quantum Networking/Cryptography Vendor,https://www.linkedin.com/in/aleaver/,https://arqit.uk,,Scaling quantum encryption solutions requiring coordination infrastructure to integrate quantum-safe security with AI and classical systems.,Appointed CEO Sept 2024 (from Notion Capital Operating Partner); named IDC Innovator for PQC 2024; H.C. Wainwright presentation Feb 2025; driving revenue and operational growth phase,Transitioning Arqit from development phase to revenue growth by scaling quantum encryption software that secures any networked device or cloud machine,Post-quantum cryptography integration,Orchestrate Arqit's encryption software across multi-cloud and edge deployments to secure distributed quantum-AI workloads with unified key management,Your encryption software secures any networked device—InfraFabric orchestrates those devices in quantum-AI deployments with unified quantum-safe key management,A,72
Karine,Perset,OECD,Acting Head of AI & Emerging Digital Technologies Division,International AI Policy,Government/Regulatory Agency,https://fr.linkedin.com/in/karineperset,https://oecd.ai/,karine.perset@oecd.org,Coordinates global AI policy standards and international collaboration essential for quantum-AI infrastructure alignment.,Leading OECD AI policy coordination across 38 member countries; developing international AI governance standards; coordinating quantum-AI policy alignment,Coordinating AI governance standards across 38 OECD countries while developing quantum-AI policy frameworks for international collaboration,Multi-stakeholder quantum-AI governance framework,Coordinate OECD's 38-country AI governance with quantum-AI extension that ensures member nations' quantum initiatives align with international standards,Your 38-country coordination sets global standards—InfraFabric extends OECD AI governance to quantum-AI ensuring international alignment,B,72
Graham,Brookie,Atlantic Council,Vice President Technology Programs and Senior Director DFRLab,Tech Policy Research,Think Tank/Research Institute,https://www.linkedin.com/in/gbrookie/,https://www.atlanticcouncil.org,,Oversees Atlantic Council's technology programs examining intersection of governance technology security and AI's role in global digital infrastructure.,"Atlantic Council VP Technology Programs; DFRLab Senior Director; examining governance, technology, security intersection; AI's role in global digital infrastructure",Researching AI's role in global digital infrastructure security while examining quantum-AI convergence governance implications,Multi-stakeholder quantum-AI governance framework,Extend Atlantic Council's tech governance research to quantum-AI frameworks addressing global digital infrastructure security across both domains,Your global digital infrastructure research needs quantum—InfraFabric provides governance frameworks for quantum-AI convergence in global infrastructure,B,72
Bridget,Walshe,Canadian Centre for Cyber Security,Associate Head,National Security Innovation,Defense/National Security,https://www.linkedin.com/in/bridget-walshe-b32a14165/,https://www.cyber.gc.ca,,Leading Canada's post-quantum cryptography roadmap; Five Eyes partner coordinating quantum-safe infrastructure transition.,Leading Canada's post-quantum cryptography transition roadmap; coordinating with Five Eyes partners on quantum-safe infrastructure; developing PQC standards for critical infrastructure,Coordinating Canada's post-quantum cryptography transition across government and critical infrastructure while aligning with Five Eyes partners,Post-quantum cryptography integration,Orchestrate Canada's PQC transition with Five Eyes partners using unified coordination framework that ensures interoperability across allied infrastructures,Your PQC roadmap needs Five Eyes coordination—InfraFabric orchestrates allied PQC transitions with unified framework ensuring interoperable quantum-safe infrastructure,A,71
Stephen,Burt,Treasury Board of Canada Secretariat,Chief Data Officer of Canada,Government Data & AI Policy,Government/Regulatory Agency,https://ca.linkedin.com/in/stephen-burt-199519174,https://www.canada.ca/en/treasury-board-secretariat.html,,Leads Canada's federal AI strategy and data governance frameworks needed for quantum-AI systems integration.,Leading Canada's federal AI and data strategy; coordinating government-wide data governance; developing quantum-AI integration frameworks for federal systems,Implementing federal AI strategy while developing data governance frameworks that support quantum-AI integration across Canadian government,Multi-stakeholder quantum-AI governance framework,Coordinate Canada's federal AI and data governance with quantum-AI framework that ensures government systems are ready for hybrid quantum-classical integration,Your federal data governance needs quantum extension—InfraFabric coordinates Canadian government quantum-AI integration with unified data governance framework,B,70
Lucy,Poole,Australian Digital Transformation Agency,Deputy CEO - Digital Strategy Policy and Performance,Government Digital Policy,Government/Regulatory Agency,https://www.linkedin.com/in/lucy-poole-a12b531a/,https://www.dta.gov.au,,Champions Australia's AI assurance framework and responsible AI adoption critical for quantum technology convergence.,Leading Australia's AI assurance framework; driving responsible AI adoption across government; coordinating quantum technology policy with digital transformation,Developing AI assurance framework for Australian government while coordinating quantum technology convergence with digital transformation initiatives,Multi-stakeholder quantum-AI governance framework,Coordinate Australia's AI assurance with quantum governance framework ensuring responsible AI principles extend to quantum-enhanced government systems,Your AI assurance framework needs quantum extension—InfraFabric coordinates Australian quantum-AI governance with unified responsible AI principles,B,69
Simon,Knowles,Graphcore,Co-Founder & CTO,AI Infrastructure,AI Infrastructure Company,https://linkedin.com/in/simon-knowles-58b0182,https://www.graphcore.ai,,Architect of IPU systems designed for intelligence workloads that will benefit from quantum-AI coordination frameworks.,"Received Royal Society Fellowship May 2024; Graphcore acquired by SoftBank July 2024 for ~$500M; pioneered 3D wafer-on-wafer IPU (40% faster, 16% more efficient)",Proving IPU differentiation for intelligence workloads post-SoftBank acquisition while competing in crowded AI accelerator market with limited resources,Hybrid quantum-classical coordination layer,Position IPUs as premier quantum-classical hybrid processors by optimizing graph-based workloads spanning both computational paradigms seamlessly,Your IPU graph architecture naturally maps to quantum circuits—InfraFabric coordinates hybrid graph workloads across IPU clusters and quantum processors,B,68
Kunle,Olukotun,SambaNova Systems,Co-Founder & CTO,AI Infrastructure,AI Infrastructure Company,https://linkedin.com/in/kunle-olukotun-80a2735,https://sambanova.ai,,Pioneer in multicore processing and AI acceleration who needs infrastructure to coordinate increasingly complex AI compute systems.,Launched deep research agents with CrewAI March 2025 (3x faster than GPUs); Forbes AI 50 2025; CNBC at Slush 2024; company exploring sale Oct 2025 after fundraising struggles,Commercializing SambaNova's Agentic Router and dataflow architecture amid funding challenges while proving differentiation against GPU-centric competitors,Multi-stakeholder quantum-AI governance framework,Orchestrate SambaNova's agentic research systems with quantum-enhanced routing that coordinates specialized agents across hybrid quantum-classical compute fabrics,Your Agentic Router pioneered intelligent workload steering—InfraFabric extends that to quantum-classical routing for research agents that span both paradigms,B,64
